{
	"format_version": "1.8.0",
	"animations": {
		"idle": {
			"loop": "hold_on_last_frame",
			"bones": {
				"body": {
					"position": [0, 8, 0]
				},
				"bolt": {
					"position": [1.7, 0.8, 0]
				},
				"hammer": {
					"position": [4.5, 1.3, 0]
				},
				"magazine": {
					"position": [3.5, -2, 0]
				},
				"slide": {
					"position": [0, 2, 0]
				}
			}
		},
		"shot": {
			"loop": "hold_on_last_frame",
			"animation_length": 1,
			"bones": {
				"body": {
					"rotation": {
						"0.1": [0, 0, 0],
						"0.1167": [0, 0, 1.306],
						"0.1333": [0, 0, 2.10411],
						"0.2167": [0, 0, 4.64206],
						"0.3167": [0, 0, 5.91802],
						"0.35": [0, 0, 6],
						"0.5667": [0, 0, 4.3821],
						"0.7833": [0, 0, 1.94675],
						"0.9667": [0, 0, 0.12833],
						"1.0": [0, 0, 0]
					},
					"position": {
						"0.1": [0, 8, 0],
						"0.2667": [0.18506, 8.15231, 0],
						"0.35": [0.2, 8.2, 0],
						"0.5667": [0.1362, 8.13905, 0],
						"0.7833": [0.05622, 8.06095, 0],
						"1.0": [0, 8, 0]
					}
				},
				"bolt": {
					"rotation": {
						"0.0": [0, 0, 0],
						"0.1": [0, 0, -12.5],
						"0.5": [0, 0, -12.5],
						"1.0": [0, 0, 0]
					},
					"position": [1.7, 0.8, 0]
				},
				"hammer": {
					"rotation": {
						"0.0": [0, 0, 0],
						"0.1": [0, 0, 50],
						"0.1167": [0, 0, 0]
					},
					"position": [4.5, 1.3, 0]
				},
				"magazine": {
					"position": [3.5, -2, 0]
				},
				"slide": {
					"position": {
						"0.0": [0, 2, 0],
						"0.1": [0, 2, 0],
						"0.1167": [0.55151, 2, 0],
						"0.1333": [1.04199, 2, 0],
						"0.15": [1.36459, 2, 0],
						"0.1667": [1.58989, 2, 0],
						"0.1833": [1.75698, 2, 0],
						"0.2": [1.88549, 2, 0],
						"0.2167": [1.98643, 2, 0],
						"0.2333": [2.0665, 2, 0],
						"0.25": [2.13017, 2, 0],
						"0.2667": [2.18057, 2, 0],
						"0.3": [2.25, 2, 0],
						"0.3833": [2.15356, 2, 0],
						"0.5": [1.78162, 2, 0],
						"0.7167": [0.6925, 2, 0],
						"0.8": [0.25936, 2, 0],
						"0.8333": [0.11604, 2, 0],
						"0.85": [0.05879, 2, 0],
						"0.8667": [0.01716, 2, 0],
						"0.8833": [0, 2, 0]
					}
				}
			}
		},
		"_test": {
			"loop": "hold_on_last_frame",
			"animation_length": 1,
			"bones": {
				"body": {
					"rotation": {
						"0.0": [0, 0, 0],
						"1.0": [0, -360, 0]
					},
					"position": [0, 8, 0]
				},
				"bolt": {
					"position": [1.7, 0.8, 0]
				},
				"hammer": {
					"position": [4.5, 1.3, 0]
				},
				"magazine": {
					"position": [3.5, -2, 0]
				},
				"slide": {
					"position": [0, 2, 0]
				}
			}
		}
	}
}