{
	"format_version": "1.8.0",
	"animations": {
		"idle": {
			"loop": "hold_on_last_frame",
			"bones": {
				"body": {
					"position": [0, 8, 0]
				},
				"bolt": {
					"position": [1.7, 0.8, 0]
				},
				"hammer": {
					"position": [4.5, 1.3, 0]
				},
				"magazine": {
					"position": [3.5, -2, 0]
				},
				"slide": {
					"position": [0, 2, 0]
				}
			}
		},
		"shot": {
			"loop": "hold_on_last_frame",
			"animation_length": 1,
			"bones": {
				"body": {
					"position": [0, 8, 0]
				},
				"bolt": {
					"rotation": {
						"0.0": [0, 0, 0],
						"0.1": [0, 0, -12.5],
						"0.5": [0, 0, -12.5],
						"1.0": [0, 0, 0]
					},
					"position": [1.7, 0.8, 0]
				},
				"hammer": {
					"rotation": {
						"0.0": [0, 0, 0],
						"0.1": [0, 0, 50],
						"0.1167": [0, 0, 0]
					},
					"position": [4.5, 1.3, 0]
				},
				"magazine": {
					"position": [3.5, -2, 0]
				},
				"slide": {
					"position": {
						"0.0": [0, 2, 0],
						"0.1": [0, 2, 0],
						"0.1167": [0.55157, 2, 0],
						"0.1333": [1.04205, 2, 0],
						"0.15": [1.36463, 2, 0],
						"0.1667": [1.58992, 2, 0],
						"0.1833": [1.75699, 2, 0],
						"0.2": [1.88551, 2, 0],
						"0.2167": [1.98644, 2, 0],
						"0.2333": [2.0665, 2, 0],
						"0.25": [2.13017, 2, 0],
						"0.2667": [2.18058, 2, 0],
						"0.3": [2.25, 2, 0],
						"0.3833": [2.15356, 2, 0],
						"0.5": [1.78163, 2, 0],
						"0.7167": [0.69252, 2, 0],
						"0.8": [0.25937, 2, 0],
						"0.8333": [0.11605, 2, 0],
						"0.85": [0.0588, 2, 0],
						"0.8667": [0.01717, 2, 0],
						"0.8833": [0, 2, 0]
					}
				}
			}
		}
	}
}